True,Button.left,"(237, 709)",,0
True,Button.left,"(832, 304)",,19.62867307662964
True,Button.left,"(1062, 319)",,5.522677421569824
True,Button.left,"(1081, 739)",,4.053917407989502
True,Button.left,"(871, 986)",,4.766164541244507
False,,,t,1.5443243980407715
False,,,y,0.23824810981750488
False,,,p,0.27190160751342773
False,,,i,6.333068609237671
False,,,n,0.28411412239074707
False,,,g,0.23065757751464844
